EmployeeID,DateReviewed,PerformanceScore
5764,2022-09-11,88.22
5764,2022-12-10,88.86
5764,2023-03-10,87.28
5764,2023-06-08,91.0
5764,2023-09-06,92.23
5764,2023-12-05,87.96
5764,2024-03-04,88.42
5764,2024-06-02,92.88
5764,2024-08-31,90.47
5764,2024-11-29,94.96
5764,2025-02-27,88.27
5764,2025-05-28,87.3
5764,2025-08-26,94.13
5764,2025-11-24,92.35
5997,2024-05-26,92.49
5997,2024-08-24,90.38
5997,2024-11-22,86.04
5997,2025-02-20,87.5
5997,2025-05-21,91.18
5997,2025-08-19,91.24
5997,2025-11-17,86.61
5454,2024-09-18,81.34
5454,2024-12-17,76.72
5454,2025-03-17,76.24
5454,2025-06-15,79.78
5454,2025-09-13,75.12
5454,2025-12-12,76.97
5557,2024-12-03,65.41
5557,2025-03-03,74.42
5557,2025-06-01,73.64
5557,2025-08-30,72.37
5557,2025-11-28,73.74
5923,2025-03-07,86.78
5923,2025-06-05,91.52
5923,2025-09-03,88.12
5923,2025-12-02,89.76
5572,2025-04-13,90.23
5572,2025-07-12,88.96
5572,2025-10-10,92.94
5155,2025-06-05,80.03
5155,2025-09-03,81.62
5155,2025-12-02,77.43
5711,2025-07-14,78.47
5711,2025-10-12,84.49
5669,2025-08-13,68.15
5669,2025-11-11,69.51
5099,2025-08-27,85.14
5099,2025-11-25,85.74
5457,2025-10-21,74.92
5305,2025-11-28,85.44
5119,2026-01-02,85.31
5544,2026-01-18,93.66
5973,2026-02-05,76.18
5156,2026-02-19,85.23
5793,2026-03-12,82.18
5527,2026-03-16,93.86
5203,2021-11-07,98.41
5203,2022-02-05,96.34
5203,2022-05-06,94.03
5203,2022-08-04,97.65
5203,2022-11-02,93.94
5203,2023-01-31,89.95
5203,2023-05-01,94.68
5203,2023-07-30,96.77
5203,2023-10-28,94.01
5203,2024-01-26,91.47
5203,2024-04-25,99.7
5203,2024-07-24,88.71
5967,2023-02-07,86.72
5967,2023-05-08,85.23
5967,2023-08-06,79.19
5967,2023-11-04,79.43
5967,2024-02-02,84.52
5967,2024-05-02,86.09
5967,2024-07-31,77.29
5967,2024-10-29,82.86
5967,2025-01-27,82.56
5967,2025-04-27,73.94
5991,2021-10-26,85.64
5991,2022-01-24,87.04
5991,2022-04-24,90.59
5991,2022-07-23,88.72
5991,2022-10-21,86.62
5991,2023-01-19,90.01
5991,2023-04-19,91.51
5991,2023-07-18,85.77
5280,2022-03-27,89.53
5280,2022-06-25,89.05
5280,2022-09-23,86.58
5280,2022-12-22,84.6
5280,2023-03-22,89.76
5280,2023-06-20,85.8
5280,2023-09-18,81.7
5607,2023-11-28,89.03
5607,2024-02-26,89.76
5607,2024-05-26,89.85
5607,2024-08-24,95.18
5607,2024-11-22,89.24
5607,2025-02-20,89.64
5607,2025-05-21,87.61
5071,2022-05-17,91.26
5071,2022-08-15,98.65
5071,2022-11-13,95.11
5071,2023-02-11,95.9
5071,2023-05-12,92.95
5071,2023-08-10,86.29
5541,2023-11-18,78.02
5541,2024-02-16,80.22
5541,2024-05-16,85.08
5541,2024-08-14,84.88
5541,2024-11-12,86.96
5541,2025-02-10,75.43
5150,2021-10-13,90.16
5150,2022-01-11,89.62
5150,2022-04-11,88.38
5150,2022-07-10,87.96
5150,2022-10-08,85.07
5150,2023-01-06,87.76
5598,2023-01-28,94.64
5598,2023-04-28,95.63
5598,2023-07-27,90.8
5598,2023-10-25,98.9
5598,2024-01-23,85.09
5109,2024-01-15,77.8
5109,2024-04-14,75.29
5109,2024-07-13,80.8
5109,2024-10-11,75.27
5109,2025-01-09,70.64
5401,2021-10-12,75.29
5401,2022-01-10,80.57
5401,2022-04-10,73.46
5401,2022-07-09,79.89
5401,2022-10-07,68.05
5420,2021-07-04,81.34
5420,2021-10-02,90.28
5420,2021-12-31,82.24
5420,2022-03-31,89.95
5420,2022-06-29,75.9
5159,2021-09-16,77.58
5159,2021-12-15,77.92
5159,2022-03-15,75.56
5159,2022-06-13,73.39
5354,2022-07-26,84.41
5354,2022-10-24,78.4
5354,2023-01-22,77.15
5354,2023-04-22,73.32
5091,2021-04-23,87.11
5091,2021-07-22,81.19
5091,2021-10-20,82.79
5091,2022-01-18,82.81
5979,2024-09-29,74.85
5979,2024-12-28,65.78
5979,2025-03-28,70.59
5979,2025-06-26,58.66
5912,2021-12-26,93.13
5912,2022-03-26,95.57
5912,2022-06-24,94.15
5912,2022-09-22,84.92
5622,2022-11-05,77.65
5622,2023-02-03,79.53
5622,2023-05-04,79.54
5622,2023-08-02,78.61
5407,2023-05-13,84.58
5407,2023-08-11,82.57
5407,2023-11-09,79.71
5407,2024-02-07,70.01
5732,2024-02-09,87.65
5732,2024-05-09,87.53
5732,2024-08-07,90.51
5732,2024-11-05,84.81
5019,2022-06-18,67.55
5019,2022-09-16,74.94
5019,2022-12-15,63.21
5942,2025-01-22,80.01
5942,2025-04-22,81.26
5942,2025-07-21,72.18
5151,2022-05-12,94.41
5151,2022-08-10,98.2
5151,2022-11-08,94.19
5128,2024-06-23,79.5
5128,2024-09-21,80.81
5128,2024-12-20,77.21
5072,2022-09-28,75.41
5072,2022-12-27,73.57
5072,2023-03-27,60.84
5136,2022-06-23,94.31
5136,2022-09-21,85.33
5136,2022-12-20,86.38
5683,2023-04-12,76.81
5683,2023-07-11,75.5
5683,2023-10-09,66.04
5818,2025-02-19,77.12
5818,2025-05-20,75.26
5818,2025-08-18,72.12
5227,2024-04-01,90.95
5227,2024-06-30,88.19
5227,2024-09-28,84.16
5513,2023-07-05,92.43
5513,2023-10-03,87.18
5513,2024-01-01,84.03
5821,2022-09-06,89.77
5821,2022-12-05,82.03
5217,2025-07-04,88.81
5217,2025-10-02,78.18
5841,2024-06-04,88.61
5841,2024-09-02,78.97
5902,2023-04-14,82.23
5902,2023-07-13,73.13
5163,2023-05-16,80.02
5163,2023-08-14,70.34
5906,2023-09-23,79.69
5906,2023-12-22,73.16
5034,2022-03-02,77.87
5034,2022-05-31,68.12
5316,2025-06-28,90.04
5316,2025-09-26,78.6
5795,2022-01-04,83.16
5795,2022-04-04,71.0
5561,2025-05-10,73.69
5561,2025-08-08,69.36
5511,2025-02-23,84.23
5511,2025-05-24,78.91
5447,2025-04-28,100.0
5447,2025-07-27,94.58
5162,2025-06-09,83.83
5162,2025-09-07,80.88
5688,2024-07-24,70.68
5688,2024-10-22,66.88
5384,2024-10-11,65.44
5384,2025-01-09,65.6
5796,2021-07-03,100.0
5796,2021-10-01,92.55
6002,2025-04-06,74.56
6002,2025-07-05,59.89
5029,2021-04-02,85.53
5029,2021-07-01,75.03
5063,2025-02-18,89.21
5063,2025-05-19,76.02
6059,2025-07-29,84.59
5223,2022-12-15,70.96
5990,2022-11-12,70.06
5820,2022-12-13,78.67
5262,2023-12-30,70.6
5888,2025-04-10,76.47
6025,2024-11-12,70.87
5664,2021-06-11,84.19
5221,2023-06-23,82.64
5050,2023-07-14,79.9
5939,2022-08-19,61.24
5287,2022-08-10,83.95
5812,2022-10-29,73.19
5769,2021-05-19,85.86
5512,2025-04-23,76.97
5220,2024-07-20,81.03
6023,2022-02-02,84.37
5698,2022-09-30,70.71
5293,2024-02-11,77.1
5240,2024-02-11,84.06
5563,2025-02-10,65.98
5115,2025-01-27,79.26
5835,2023-09-11,78.5
5432,2024-02-21,74.95
5508,2024-12-28,58.59
5982,2022-07-02,78.78
5037,2022-10-12,70.35
5651,2024-05-26,68.25
5530,2022-04-09,80.12
5349,2025-12-16,84.28
5829,2021-04-20,85.06
5201,2025-11-12,64.62
5265,2021-12-16,74.25
6050,2021-05-28,93.88
5355,2025-11-05,67.87
5376,2022-11-23,79.79
5404,2024-07-07,74.66
5806,2022-05-21,81.77
5596,2021-09-15,81.18
5064,2021-07-27,59.23
5627,2025-07-19,76.63
5393,2025-01-14,80.06
5236,2021-08-23,90.63
5803,2025-11-01,72.19
5886,2025-03-02,69.72
5894,2023-06-18,79.84
5385,2024-08-21,74.98
5567,2023-04-03,78.48
5761,2025-02-23,85.18
5440,2025-08-07,76.59
5690,2023-12-19,84.23
5002,2022-08-10,95.75
5763,2025-02-05,87.44
5026,2024-07-24,86.01
5612,2023-03-20,76.76
5715,2023-04-09,61.4
5242,2022-11-20,72.2
5719,2024-10-21,89.15
6014,2021-04-04,65.98
5855,2021-12-15,62.52
5158,2023-01-06,88.87
5487,2026-02-27,82.26
5485,2022-09-18,62.53
5297,2021-12-05,68.61
5699,2023-06-05,88.39
5718,2024-01-07,78.75
5709,2021-09-28,73.56
5823,2023-11-30,61.98
5078,2023-11-13,90.12
5230,2025-01-23,76.95
5951,2023-10-04,62.06
6039,2024-04-21,77.51
5284,2023-07-28,88.95
5787,2025-06-07,70.88
5703,2025-12-15,63.26
5269,2021-08-20,83.63
5521,2025-03-27,75.65
5241,2023-08-12,61.29
5425,2022-02-20,75.32
5054,2023-02-08,82.73
5778,2026-02-24,81.77
5341,2023-12-26,68.48
5774,2025-06-23,76.24
5086,2022-01-29,79.21
5324,2022-09-28,68.98
5753,2025-01-25,85.17
5388,2023-01-12,92.34
5388,2023-04-12,88.82
5388,2023-07-11,85.15
5388,2023-10-09,92.66
5388,2024-01-07,90.9
5388,2024-04-06,94.69
5388,2024-07-05,92.35
5388,2024-10-03,88.17
5388,2025-01-01,93.49
5388,2025-04-01,94.11
5388,2025-06-30,93.84
5388,2025-09-28,92.84
5388,2025-12-27,93.61
5372,2024-06-01,65.16
5372,2024-08-30,71.42
5372,2024-11-28,74.57
5372,2025-02-26,73.39
5372,2025-05-27,70.57
5372,2025-08-25,68.87
5372,2025-11-23,73.64
5403,2024-09-22,85.02
5403,2024-12-21,79.12
5403,2025-03-21,84.25
5403,2025-06-19,78.49
5403,2025-09-17,86.09
5403,2025-12-16,78.16
5929,2024-12-30,69.39
5929,2025-03-30,68.19
5929,2025-06-28,72.68
5929,2025-09-26,73.1
5929,2025-12-25,67.72
5905,2025-03-16,85.37
5905,2025-06-14,85.18
5905,2025-09-12,80.54
5905,2025-12-11,77.67
5137,2025-05-03,71.54
5137,2025-08-01,73.51
5137,2025-10-30,73.59
5264,2025-06-07,82.97
5264,2025-09-05,80.05
5264,2025-12-04,77.75
5118,2025-07-28,76.88
5118,2025-10-26,76.04
5747,2025-08-13,69.13
5747,2025-11-11,65.11
5285,2025-08-27,87.87
5285,2025-11-25,88.37
5533,2025-10-23,78.84
6040,2025-11-29,66.0
6029,2026-01-04,69.73
5174,2026-01-20,66.31
5413,2026-02-07,66.49
5025,2026-02-22,79.23
5197,2026-03-13,86.04
5226,2026-03-23,76.36
5946,2021-05-04,75.46
5946,2021-08-02,71.41
5946,2021-10-31,71.19
5946,2022-01-29,76.86
5946,2022-04-29,73.75
5946,2022-07-28,75.03
5946,2022-10-26,71.93
5946,2023-01-24,78.6
5946,2023-04-24,75.77
5946,2023-07-23,70.95
5946,2023-10-21,67.67
5271,2022-07-22,90.63
5271,2022-10-20,87.81
5271,2023-01-18,89.86
5271,2023-04-18,91.88
5271,2023-07-17,91.86
5271,2023-10-15,90.31
5271,2024-01-13,91.03
5271,2024-04-12,89.52
5271,2024-07-11,93.34
5271,2024-10-09,81.69
5652,2021-11-28,71.52
5652,2022-02-26,71.36
5652,2022-05-27,75.28
5652,2022-08-25,80.39
5652,2022-11-23,70.89
5652,2023-02-21,78.07
5652,2023-05-22,78.7
5652,2023-08-20,65.95
5397,2023-07-14,87.73
5397,2023-10-12,92.19
5397,2024-01-10,85.78
5397,2024-04-09,91.37
5397,2024-07-08,91.11
5397,2024-10-06,86.11
5397,2025-01-04,74.89
5668,2022-09-02,94.01
5668,2022-12-01,92.63
5668,2023-03-01,93.32
5668,2023-05-30,85.4
5668,2023-08-28,91.78
5668,2023-11-26,87.34
5668,2024-02-24,78.78
5800,2023-11-10,97.21
5800,2024-02-08,100.0
5800,2024-05-08,100.0
5800,2024-08-06,94.15
5800,2024-11-04,100.0
5800,2025-02-02,89.64
6060,2024-08-05,82.26
6060,2024-11-03,86.15
6060,2025-02-01,84.68
6060,2025-05-02,87.47
6060,2025-07-31,84.64
6060,2025-10-29,77.37
5094,2021-07-20,91.69
5094,2021-10-18,87.53
5094,2022-01-16,89.57
5094,2022-04-16,88.6
5094,2022-07-15,84.43
5094,2022-10-13,82.66
5559,2021-05-07,85.51
5559,2021-08-05,80.46
5559,2021-11-03,81.91
5559,2022-02-01,84.45
5559,2022-05-02,78.75
5636,2021-06-15,67.95
5636,2021-09-13,74.77
5636,2021-12-12,73.85
5636,2022-03-12,66.21
5636,2022-06-10,66.24
5955,2024-08-24,73.41
5955,2024-11-22,65.66
5955,2025-02-20,65.21
5955,2025-05-21,67.01
5955,2025-08-19,60.27
5092,2024-11-11,77.7
5092,2025-02-09,83.48
5092,2025-05-10,81.86
5092,2025-08-08,80.21
5092,2025-11-06,77.19
5464,2024-01-26,88.07
5464,2024-04-25,88.99
5464,2024-07-24,95.88
5464,2024-10-22,80.73
5789,2021-04-16,74.05
5789,2021-07-15,66.37
5789,2021-10-13,71.12
5789,2022-01-11,63.11
5187,2024-04-18,74.4
5187,2024-07-17,78.15
5187,2024-10-15,75.24
5187,2025-01-13,69.48
5975,2022-07-10,75.08
5975,2022-10-08,70.3
5975,2023-01-06,71.05
5975,2023-04-06,65.97
5144,2024-06-01,82.43
5144,2024-08-30,79.35
5144,2024-11-28,79.29
5144,2025-02-26,71.64
5881,2024-11-29,87.61
5881,2025-02-27,78.1
5881,2025-05-28,79.98
5881,2025-08-26,71.66
5516,2024-11-26,79.92
5516,2025-02-24,80.8
5516,2025-05-25,81.45
5516,2025-08-23,67.22
6052,2024-10-30,93.81
6052,2025-01-28,89.58
6052,2025-04-28,81.23
5657,2022-04-01,85.23
5657,2022-06-30,87.23
5657,2022-09-28,83.98
5331,2021-04-27,85.12
5331,2021-07-26,82.46
5331,2021-10-24,78.95
5122,2022-03-28,85.64
5122,2022-06-26,85.13
5122,2022-09-24,80.83
5837,2022-12-15,80.84
5837,2023-03-15,78.84
5837,2023-06-13,78.77
5771,2024-09-03,93.98
5771,2024-12-02,98.13
5771,2025-03-02,91.33
5378,2025-04-03,82.41
5378,2025-07-02,81.35
5378,2025-09-30,79.47
5762,2024-12-13,82.57
5762,2025-03-13,80.81
5762,2025-06-11,69.92
5277,2021-04-03,78.62
5277,2021-07-02,85.75
5277,2021-09-30,76.26
5892,2022-12-25,92.41
5892,2023-03-25,87.4
5892,2023-06-23,83.26
5254,2023-03-31,91.47
5254,2023-06-29,94.03
5254,2023-09-27,83.53
5009,2022-01-28,80.93
5009,2022-04-28,74.09
5686,2024-01-14,84.88
5686,2024-04-13,74.92
5142,2024-06-08,80.06
5142,2024-09-06,79.07
5653,2024-08-24,82.87
5653,2024-11-22,67.66
5022,2025-04-18,90.99
5022,2025-07-17,91.77
5539,2024-09-23,87.57
5539,2024-12-22,86.12
5613,2022-02-01,81.01
5613,2022-05-02,72.36
6035,2022-03-30,83.31
6035,2022-06-28,78.6
6022,2023-12-04,82.02
6022,2024-03-03,77.11
5623,2023-12-30,89.13
5623,2024-03-29,83.16
5961,2021-09-03,93.77
5961,2021-12-02,84.29
5863,2021-04-04,66.22
5863,2021-07-03,65.98
6065,2022-05-04,81.03
6065,2022-08-02,76.51
5340,2025-08-04,76.49
5340,2025-11-02,63.88
5941,2023-11-08,92.91
5941,2024-02-06,78.98
5379,2023-12-12,95.03
5379,2024-03-11,83.18
5811,2025-05-21,92.19
5811,2025-08-19,84.54
5478,2024-05-28,97.09
5478,2024-08-26,76.91
5954,2025-08-10,88.11
5954,2025-11-08,83.55
5568,2022-02-02,81.58
6007,2021-05-31,93.19
5628,2025-04-28,78.84
5571,2022-07-31,70.05
5121,2022-06-02,79.76
5844,2025-10-27,73.11
5498,2023-02-03,76.39
5346,2024-07-07,76.22
5077,2022-04-23,78.02
5866,2021-09-30,80.66
5499,2023-04-21,77.95
5649,2022-06-24,74.78
5689,2025-02-04,83.7
5517,2024-02-09,89.96
5164,2021-12-31,93.85
5890,2025-09-05,96.7
5310,2022-03-23,74.14
5792,2023-06-12,65.72
5781,2023-08-02,77.18
5177,2023-06-07,69.58
6036,2023-06-08,81.23
5444,2021-09-08,71.25
5671,2025-05-24,81.06
5502,2023-09-26,58.26
5802,2023-12-24,66.6
5402,2021-05-01,85.69
5805,2023-11-02,87.71
5387,2024-02-22,85.21
5334,2024-11-03,93.27
5978,2025-10-10,76.09
6006,2024-04-24,69.84
5898,2025-02-28,86.93
5213,2024-04-07,73.8
5790,2025-09-26,75.2
5336,2022-01-24,75.16
5570,2024-02-10,71.01
5999,2025-11-14,77.96
5152,2024-09-09,76.61
5839,2024-08-31,81.1
5944,2025-04-26,84.14
5936,2025-10-23,67.21
5104,2024-10-05,81.87
5430,2021-08-31,70.9
5546,2024-07-01,76.71
5383,2022-09-14,87.58
5423,2024-12-10,80.71
5493,2025-09-15,86.28
5728,2024-01-30,71.74
5824,2024-12-11,77.11
5048,2021-06-17,78.61
5880,2025-11-19,92.53
5574,2025-07-03,87.71
5055,2025-11-25,77.98
5455,2023-12-07,76.89
5924,2025-02-20,73.13
5576,2024-06-01,60.46
5347,2025-08-19,73.7
5332,2024-10-05,75.86
5149,2023-05-29,76.36
5467,2022-06-11,86.45
5358,2024-07-17,75.65
5635,2025-01-05,89.15
5722,2024-03-17,65.77
6028,2021-06-23,81.23
5931,2021-04-08,61.62
5735,2021-04-02,76.41
5610,2025-09-19,71.8
5734,2023-03-26,80.62
5877,2023-01-01,93.12
5429,2024-01-25,78.12
5663,2024-09-18,85.38
5746,2026-02-11,79.34
5817,2021-12-18,78.98
5117,2023-03-23,78.29
5016,2021-08-28,88.54
5497,2022-04-17,78.68
5860,2022-07-03,80.72
5893,2025-10-24,86.23
5431,2021-10-22,82.82
5611,2024-01-27,77.66
5560,2023-06-28,63.18
5335,2025-08-26,63.4
5232,2023-03-27,72.93
5076,2024-12-21,76.39
5390,2026-02-24,62.92
5815,2021-05-22,71.57
5362,2023-07-10,84.38
5362,2023-10-08,86.37
5362,2024-01-06,81.02
5362,2024-04-05,86.2
5362,2024-07-04,79.01
5362,2024-10-02,85.25
5362,2024-12-31,85.79
5362,2025-03-31,82.74
5362,2025-06-29,84.89
5362,2025-09-27,78.6
5362,2025-12-26,77.19
5249,2024-06-12,74.36
5249,2024-09-10,78.79
5249,2024-12-09,74.86
5249,2025-03-09,75.36
5249,2025-06-07,74.73
5249,2025-09-05,76.44
5249,2025-12-04,78.96
5237,2024-10-05,68.73
5237,2025-01-03,65.46
5237,2025-04-03,69.06
5237,2025-07-02,71.84
5237,2025-09-30,69.29
5237,2025-12-29,70.54
5051,2025-01-01,80.15
5051,2025-04-01,81.25
5051,2025-06-30,84.64
5051,2025-09-28,85.33
5051,2025-12-27,84.17
5044,2025-03-16,67.3
5044,2025-06-14,74.16
5044,2025-09-12,70.67
5044,2025-12-11,71.01
6056,2025-05-14,73.59
6056,2025-08-12,66.3
6056,2025-11-10,70.44
5199,2025-06-21,78.14
5199,2025-09-19,82.61
5199,2025-12-18,77.19
5995,2025-07-31,70.45
5995,2025-10-29,72.88
5528,2025-08-18,68.66
5528,2025-11-16,68.75
5980,2025-09-03,69.95
5980,2025-12-02,71.85
5439,2025-10-31,66.97
5569,2025-12-01,78.44
5061,2026-01-09,86.08
5717,2026-01-21,79.9
5614,2026-02-13,78.9
5045,2026-02-26,80.35
5885,2026-03-14,79.13
5210,2026-03-25,71.82
5930,2023-01-15,98.55
5930,2023-04-15,93.11
5930,2023-07-14,89.86
5930,2023-10-12,90.99
5930,2024-01-10,94.26
5930,2024-04-09,97.14
5930,2024-07-08,89.89
5930,2024-10-06,99.24
5930,2025-01-04,91.12
5930,2025-04-04,96.25
5930,2025-07-03,87.99
5178,2023-03-30,87.67
5178,2023-06-28,85.67
5178,2023-09-26,83.87
5178,2023-12-25,81.85
5178,2024-03-24,89.76
5178,2024-06-22,84.28
5178,2024-09-20,91.0
5178,2024-12-19,89.01
5178,2025-03-19,87.54
5178,2025-06-17,81.17
5631,2023-12-02,92.18
5631,2024-03-01,94.22
5631,2024-05-30,92.1
5631,2024-08-28,97.75
5631,2024-11-26,98.99
5631,2025-02-24,91.43
5631,2025-05-25,92.48
5631,2025-08-23,89.88
5833,2023-07-19,92.04
5833,2023-10-17,91.57
5833,2024-01-15,91.19
5833,2024-04-14,83.93
5833,2024-07-13,85.05
5833,2024-10-11,90.46
5833,2025-01-09,85.3
5468,2023-05-01,84.27
5468,2023-07-30,83.58
5468,2023-10-28,84.78
5468,2024-01-26,81.83
5468,2024-04-25,83.17
5468,2024-07-24,78.73
5468,2024-10-22,77.1
5043,2022-12-01,90.96
5043,2023-03-01,91.59
5043,2023-05-30,94.2
5043,2023-08-28,94.76
5043,2023-11-26,94.88
5043,2024-02-24,83.45
6026,2022-08-07,93.41
6026,2022-11-05,90.43
6026,2023-02-03,94.85
6026,2023-05-04,94.9
6026,2023-08-02,91.24
6026,2023-10-31,81.01
5577,2024-06-03,88.58
5577,2024-09-01,88.33
5577,2024-11-30,86.35
5577,2025-02-28,93.61
5577,2025-05-29,79.87
5308,2021-09-03,77.47
5308,2021-12-02,80.48
5308,2022-03-02,74.37
5308,2022-05-31,79.76
5308,2022-08-29,75.85
5225,2024-02-19,94.03
5225,2024-05-19,96.66
5225,2024-08-17,100.0
5225,2024-11-15,100.0
5225,2025-02-13,86.91
5496,2023-05-23,99.0
5496,2023-08-21,92.67
5496,2023-11-19,99.52
5496,2024-02-17,100.0
5496,2024-05-17,85.36
5882,2024-02-01,92.9
5882,2024-05-01,88.11
5882,2024-07-30,89.04
5882,2024-10-28,92.87
5882,2025-01-26,82.03
5836,2022-03-27,83.97
5836,2022-06-25,87.0
5836,2022-09-23,82.38
5836,2022-12-22,76.35
5035,2021-10-05,78.89
5035,2022-01-03,77.68
5035,2022-04-03,79.15
5035,2022-07-02,78.08
5637,2022-07-04,100.0
5637,2022-10-02,96.32
5637,2022-12-31,94.99
5637,2023-03-31,93.72
5361,2022-10-03,78.59
5361,2023-01-01,76.87
5361,2023-04-01,69.73
5361,2023-06-30,62.28
5736,2022-06-04,81.73
5736,2022-09-02,85.5
5736,2022-12-01,78.14
5736,2023-03-01,75.73
5339,2023-10-24,77.15
5339,2024-01-22,78.91
5339,2024-04-21,82.49
5339,2024-07-20,77.17
5592,2024-09-24,77.65
5592,2024-12-23,73.45
5592,2025-03-23,73.45
5592,2025-06-21,71.01
5381,2024-11-28,90.38
5381,2025-02-26,91.04
5381,2025-05-27,87.36
5377,2022-06-13,74.38
5377,2022-09-11,74.42
5377,2022-12-10,75.5
5985,2024-09-03,96.18
5985,2024-12-02,88.23
5985,2025-03-02,84.65
5847,2021-12-21,96.93
5847,2022-03-21,100.0
5847,2022-06-19,88.72
5662,2023-07-11,80.62
5662,2023-10-09,73.49
5662,2024-01-07,66.8
5211,2024-08-23,81.38
5211,2024-11-21,87.02
5211,2025-02-19,74.21
5739,2021-06-09,86.0
5739,2021-09-07,86.69
5739,2021-12-06,79.74
5433,2024-10-21,86.25
5433,2025-01-19,84.41
5433,2025-04-19,74.97
5451,2024-08-03,94.36
5451,2024-11-01,94.77
5451,2025-01-30,83.73
5250,2022-02-17,87.26
5250,2022-05-18,80.35
5250,2022-08-16,77.07
5342,2025-04-21,97.4
5342,2025-07-20,89.43
5140,2024-01-22,84.66
5140,2024-04-21,78.27
5843,2025-03-25,73.87
5843,2025-06-23,73.8
5922,2021-07-01,83.58
5922,2021-09-29,84.98
5087,2023-02-07,90.29
5087,2023-05-08,75.53
5952,2023-07-19,86.03
5952,2023-10-17,78.12
5526,2023-05-06,92.96
5526,2023-08-04,84.43
5391,2024-10-10,85.76
5391,2025-01-08,74.52
5461,2023-01-21,93.76
5461,2023-04-21,82.08
5914,2025-05-20,80.7
5914,2025-08-18,79.78
5302,2025-06-25,90.15
5302,2025-09-23,83.37
5780,2021-05-03,76.34
5780,2021-08-01,71.79
5974,2022-08-29,79.77
5974,2022-11-27,73.44
5181,2022-10-05,86.74
5181,2023-01-03,77.6
5450,2024-09-23,91.8
5450,2024-12-22,71.14
5857,2024-12-06,92.77
5857,2025-03-06,81.19
5486,2023-03-31,90.03
5486,2023-06-29,83.42
5587,2021-11-24,68.8
5587,2022-02-22,64.7
5488,2021-04-10,78.04
5488,2021-07-09,68.82
5695,2022-05-24,93.86
5695,2022-08-22,86.2
5070,2025-03-11,84.76
5313,2023-10-28,77.27
5274,2021-11-21,77.72
5258,2024-02-10,82.98
5996,2024-09-11,65.57
5807,2024-05-23,86.25
5953,2025-08-21,95.2
5925,2022-04-19,91.84
5380,2022-07-03,89.93
5370,2024-12-21,76.82
5992,2021-09-20,82.22
5825,2025-01-23,81.06
6044,2024-11-13,78.47
5903,2022-11-18,83.64
6048,2022-06-16,71.42
5031,2022-07-23,68.19
5554,2025-08-02,84.77
5013,2023-09-22,72.65
5848,2025-01-02,66.77
5218,2023-06-22,82.34
5040,2021-09-22,76.76
5658,2024-07-05,74.61
5520,2022-11-07,83.33
5677,2024-03-06,74.66
5141,2022-12-22,74.92
5940,2021-12-16,62.01
5116,2023-02-28,79.66
5312,2024-03-06,67.84
5239,2022-03-13,90.78
6013,2023-08-31,86.44
5861,2025-10-12,74.37
5135,2024-09-23,80.39
5473,2023-10-03,83.91
5586,2022-06-21,76.64
5590,2021-10-12,69.14
6010,2025-04-14,72.22
5273,2023-02-06,93.75
5712,2025-02-19,73.82
5908,2022-04-19,77.78
6053,2024-05-03,80.55
5437,2023-08-16,77.68
5921,2025-06-05,79.39
5476,2022-05-02,86.28
5927,2022-04-10,79.71
5720,2023-07-20,81.91
5067,2022-04-03,71.11
5307,2023-05-25,73.69
5036,2023-11-12,79.28
5701,2025-10-16,71.32
5724,2021-04-08,75.97
5721,2025-04-28,74.08
5328,2023-02-03,67.78
5791,2022-09-08,79.05
5470,2023-03-26,86.54
5675,2025-02-22,68.28
5095,2024-06-22,73.98
5687,2024-02-23,92.5
5969,2024-09-12,83.94
5550,2024-07-11,69.87
5299,2022-01-07,74.57
5057,2024-05-03,76.26
5725,2022-11-07,87.73
5315,2024-05-02,75.16
5870,2023-10-11,78.43
5208,2025-11-11,84.22
5096,2024-06-14,79.52
5474,2024-08-10,68.41
5656,2022-05-28,64.61
5729,2021-07-15,87.39
5667,2021-10-05,71.44
6000,2022-05-31,65.34
5436,2024-12-14,72.24
5188,2024-01-14,75.69
5268,2024-01-17,85.11
5618,2025-03-30,84.89
5852,2026-01-23,64.94
5595,2022-09-24,71.39
5594,2023-02-26,85.18
5634,2024-03-20,71.74
5406,2024-01-26,81.78
5678,2021-04-20,89.26
5318,2022-05-25,66.98
6017,2021-06-10,78.82
5028,2024-01-29,74.28
5410,2021-08-29,83.45
5845,2023-11-25,69.52
6019,2024-01-14,79.4
6019,2024-04-13,85.84
6019,2024-07-12,84.37
6019,2024-10-10,82.25
6019,2025-01-08,83.7
6019,2025-04-08,78.72
6019,2025-07-07,79.04
6019,2025-10-05,84.64
5853,2024-07-10,92.28
5853,2024-10-08,87.92
5853,2025-01-06,94.61
5853,2025-04-06,91.83
5853,2025-07-05,88.14
5853,2025-10-03,86.96
5853,2026-01-01,94.73
5655,2024-10-29,76.94
5655,2025-01-27,73.42
5655,2025-04-27,75.03
5655,2025-07-26,82.18
5655,2025-10-24,82.53
5326,2025-01-08,69.01
5326,2025-04-08,69.89
5326,2025-07-07,74.47
5326,2025-10-05,67.0
5744,2025-03-18,78.66
5744,2025-06-16,75.55
5744,2025-09-14,78.53
5744,2025-12-13,82.58
5489,2025-05-16,87.57
5489,2025-08-14,94.68
5489,2025-11-12,89.42
5160,2025-06-25,73.57
5160,2025-09-23,74.85
5160,2025-12-22,73.18
5680,2025-08-05,69.04
5680,2025-11-03,68.34
5998,2025-08-21,72.67
5998,2025-11-19,67.49
6030,2025-09-18,81.6
6030,2025-12-17,84.31
5278,2025-11-05,82.76
5352,2025-12-02,82.79
5231,2026-01-10,75.95
5107,2026-01-26,89.49
5321,2026-02-15,79.81
5255,2026-03-03,80.03
5492,2026-03-14,68.51
5075,2026-03-28,75.42
5756,2021-11-27,78.58
5756,2022-02-25,80.27
5756,2022-05-26,77.89
5756,2022-08-24,85.31
5756,2022-11-22,78.95
5756,2023-02-20,84.94
5756,2023-05-21,85.0
5756,2023-08-19,83.47
5756,2023-11-17,85.11
5756,2024-02-15,80.64
5756,2024-05-15,71.52
5209,2022-01-10,88.54
5209,2022-04-10,90.56
5209,2022-07-09,89.69
5209,2022-10-07,87.68
5209,2023-01-05,85.74
5209,2023-04-05,93.87
5209,2023-07-04,94.38
5209,2023-10-02,92.0
5209,2023-12-31,82.37
5114,2022-04-06,77.73
5114,2022-07-05,76.79
5114,2022-10-03,77.58
5114,2023-01-01,79.74
5114,2023-04-01,80.58
5114,2023-06-30,72.62
5114,2023-09-28,71.87
5114,2023-12-27,58.03
5849,2023-07-15,83.23
5849,2023-10-13,90.49
5849,2024-01-11,90.29
5849,2024-04-10,83.35
5849,2024-07-09,90.51
5849,2024-10-07,91.09
5849,2025-01-05,75.63
5949,2022-07-30,85.32
5949,2022-10-28,85.85
5949,2023-01-26,89.75
5949,2023-04-26,89.51
5949,2023-07-25,85.6
5949,2023-10-23,93.23
5949,2024-01-21,79.51
6057,2022-10-04,93.12
6057,2023-01-02,87.62
6057,2023-04-02,85.98
6057,2023-07-01,88.01
6057,2023-09-29,88.68
6057,2023-12-28,80.39
5270,2024-05-29,89.92
5270,2024-08-27,81.48
5270,2024-11-25,88.41
5270,2025-02-23,82.69
5270,2025-05-24,88.74
5270,2025-08-22,77.12
5794,2024-06-10,99.93
5794,2024-09-08,93.38
5794,2024-12-07,100.0
5794,2025-03-07,94.82
5794,2025-06-05,95.36
5133,2022-04-06,95.77
5133,2022-07-05,100.0
5133,2022-10-03,99.31
5133,2023-01-01,95.62
5133,2023-04-01,86.56
5003,2024-10-01,88.6
5003,2024-12-30,89.64
5003,2025-03-30,91.41
5003,2025-06-28,92.39
5003,2025-09-26,87.43
5059,2023-09-28,77.45
5059,2023-12-27,74.04
5059,2024-03-26,82.46
5059,2024-06-24,74.24
5059,2024-09-22,67.98
5842,2023-05-30,92.97
5842,2023-08-28,91.37
5842,2023-11-26,90.74
5842,2024-02-24,87.95
5842,2024-05-24,84.2
5928,2022-03-26,95.09
5928,2022-06-24,98.33
5928,2022-09-22,96.37
5928,2022-12-21,92.01
5504,2024-11-17,90.49
5504,2025-02-15,84.32
5504,2025-05-16,88.61
5504,2025-08-14,74.56
5639,2022-12-17,68.29
5639,2023-03-17,74.57
5639,2023-06-15,70.72
5639,2023-09-13,63.66
5374,2023-04-14,81.67
5374,2023-07-13,78.12
5374,2023-10-11,85.93
5374,2024-01-09,79.73
5757,2024-05-29,74.16
5757,2024-08-27,79.32
5757,2024-11-25,76.25
5757,2025-02-23,61.85
6058,2024-05-02,100.0
6058,2024-07-31,100.0
6058,2024-10-29,100.0
6058,2025-01-27,91.73
5290,2024-05-28,82.77
5290,2024-08-26,74.81
5290,2024-11-24,76.59
5290,2025-02-22,72.23
6024,2024-05-21,75.22
6024,2024-08-19,71.05
6024,2024-11-17,67.58
5646,2023-10-20,97.75
5646,2024-01-18,100.0
5646,2024-04-17,88.4
5916,2022-03-03,99.32
5916,2022-06-01,100.0
5916,2022-08-30,88.22
5409,2021-06-11,91.88
5409,2021-09-09,89.47
5409,2021-12-08,83.63
5110,2024-02-26,80.5
5110,2024-05-26,81.83
5110,2024-08-24,77.61
5644,2023-11-05,96.79
5644,2024-02-03,94.97
5644,2024-05-03,96.29
5911,2024-08-10,91.41
5911,2024-11-08,91.13
5911,2025-02-06,87.69
5007,2024-11-12,89.27
5007,2025-02-10,92.19
5007,2025-05-11,84.57
5030,2022-08-11,92.78
5030,2022-11-09,88.99
5030,2023-02-07,84.11
5322,2021-08-14,72.98
5322,2021-11-12,73.81
5322,2022-02-10,72.4
5083,2024-11-28,93.78
5083,2025-02-26,79.88
5233,2021-11-29,88.06
5233,2022-02-27,74.95
5830,2023-05-18,92.6
5830,2023-08-16,86.96
5966,2023-07-01,96.52
5966,2023-09-29,94.13
5899,2024-05-08,81.79
5899,2024-08-06,71.98
5578,2023-04-12,93.0
5578,2023-07-11,89.04
6012,2024-12-04,86.82
6012,2025-03-04,83.38
5234,2022-08-03,86.13
5234,2022-11-01,75.84
5205,2023-08-05,83.43
5205,2023-11-03,77.36
5685,2021-04-23,78.72
5685,2021-07-22,68.1
5917,2023-02-15,83.26
5917,2023-05-16,77.36
5809,2023-04-23,70.7
5809,2023-07-22,61.23
5742,2021-09-01,66.88
5742,2021-11-30,65.82
5743,2021-07-31,73.84
5743,2021-10-29,67.78
5074,2022-11-23,90.05
5074,2023-02-21,74.16
5134,2021-04-01,89.89
5134,2021-06-30,84.11
5106,2024-07-18,85.36
5106,2024-10-16,78.95
5957,2022-07-31,81.5
5957,2022-10-29,72.27
5968,2024-03-20,78.11
5968,2024-06-18,76.7
5643,2023-10-15,86.88
5643,2024-01-13,83.63
6051,2025-04-26,61.65
5956,2024-09-15,71.79
5008,2022-01-04,78.02
6009,2021-10-31,92.03
5964,2023-11-25,86.06
5740,2023-01-04,90.37
5933,2025-06-26,70.99
5601,2024-03-09,70.83
5772,2024-08-17,84.23
5965,2022-11-26,62.14
5640,2022-05-06,66.51
6055,2024-12-31,61.84
5248,2021-06-26,74.49
5041,2024-11-07,69.57
5247,2023-02-19,73.5
5602,2024-11-08,80.97
5645,2023-09-24,81.01
5216,2024-04-15,86.94
5907,2025-01-03,75.25
5507,2022-12-19,93.39
5950,2024-04-18,82.33
5573,2022-10-05,79.39
5400,2024-11-03,82.21
5279,2025-11-20,76.02
5616,2024-03-23,83.51
5575,2025-06-17,63.65
5692,2021-04-17,74.73
6047,2024-09-25,87.49
5896,2022-10-23,65.82
5469,2025-10-01,70.5
5319,2024-11-27,66.15
6015,2024-03-04,79.22
5263,2023-06-25,66.98
5053,2023-09-27,65.78
5235,2024-07-02,61.79
5359,2021-11-23,87.97
5897,2021-12-07,58.19
5111,2024-06-04,78.79
5989,2025-10-04,74.81
5198,2022-03-09,64.42
5537,2024-08-04,73.88
5660,2025-02-16,78.13
5694,2021-11-18,65.55
6038,2025-11-28,82.17
5713,2023-03-07,88.02
5538,2023-02-20,70.4
5282,2025-12-22,82.43
6054,2022-03-04,58.91
5503,2021-05-19,81.24
5741,2025-04-22,66.88
5738,2024-07-08,79.32
5275,2023-07-13,83.44
5501,2022-10-07,77.47
5737,2023-11-04,74.2
5017,2022-01-26,70.23
5069,2023-02-07,84.72
5593,2024-12-26,74.01
5462,2024-06-19,64.66
5786,2022-01-25,85.91
5317,2022-08-31,89.14
5910,2023-05-14,64.68
5500,2021-10-31,66.92
5895,2025-11-27,89.65
5000,2024-12-16,78.3
5654,2021-11-30,96.8
5599,2021-12-09,72.39
5864,2022-07-02,76.76
5765,2022-09-18,86.48
5256,2026-02-13,83.78
5411,2022-11-26,74.53
5565,2022-05-13,80.8
5246,2023-10-22,76.56
5157,2025-01-31,75.69
5345,2025-01-25,73.5
5179,2021-12-28,74.1
5515,2026-01-23,71.36
5065,2024-01-25,86.72
5977,2023-11-26,67.26
5626,2025-04-22,58.21
5060,2021-10-11,93.58
5126,2022-06-02,67.36
5832,2025-02-13,71.88
5088,2025-04-13,76.79
5484,2024-05-20,84.64
5638,2022-05-03,63.27
6066,2021-12-08,77.5
5551,2024-02-18,72.98
5551,2024-05-18,65.3
5551,2024-08-16,66.24
5551,2024-11-14,68.96
5551,2025-02-12,65.65
5551,2025-05-13,72.95
5551,2025-08-11,66.42
5551,2025-11-09,66.73
5448,2024-07-31,92.39
5448,2024-10-29,91.43
5448,2025-01-27,92.59
5448,2025-04-27,89.66
5448,2025-07-26,86.69
5448,2025-10-24,91.83
5097,2024-11-15,80.03
5097,2025-02-13,77.53
5097,2025-05-14,78.56
5097,2025-08-12,86.18
5097,2025-11-10,85.43
5172,2025-01-25,79.77
5172,2025-04-25,75.23
5172,2025-07-24,77.61
5172,2025-10-22,76.66
5770,2025-03-25,81.49
5770,2025-06-23,78.01
5770,2025-09-21,86.97
5770,2025-12-20,83.1
5851,2025-05-16,73.08
5851,2025-08-14,72.42
5851,2025-11-12,65.51
5858,2025-06-28,73.18
5858,2025-09-26,69.28
5858,2025-12-25,70.48
5981,2025-08-08,85.02
5981,2025-11-06,89.66
5900,2025-08-24,72.4
5900,2025-11-22,74.66
5603,2025-09-22,82.39
5603,2025-12-21,81.62
5887,2025-11-13,75.5
5435,2025-12-04,78.19
5875,2026-01-17,89.29
5782,2026-01-29,74.75
5583,2026-02-16,92.06
5591,2026-03-09,65.57
5004,2026-03-14,89.21
5542,2026-03-28,86.81
6045,2023-03-08,81.48
6045,2023-06-06,86.42
6045,2023-09-04,81.57
6045,2023-12-03,83.73
6045,2024-03-02,82.46
6045,2024-05-31,83.07
6045,2024-08-29,79.28
6045,2024-11-27,80.86
6045,2025-02-25,80.07
6045,2025-05-26,87.53
6045,2025-08-24,79.88
5534,2022-01-30,80.77
5534,2022-04-30,83.55
5534,2022-07-29,81.2
5534,2022-10-27,85.14
5534,2023-01-25,82.78
5534,2023-04-25,82.52
5534,2023-07-24,86.34
5534,2023-10-22,80.64
5534,2024-01-20,74.21
5090,2022-04-10,69.63
5090,2022-07-09,66.42
5090,2022-10-07,74.48
5090,2023-01-05,65.49
5090,2023-04-05,71.95
5090,2023-07-04,65.72
5090,2023-10-02,63.19
5624,2022-02-21,92.32
5624,2022-05-22,92.76
5624,2022-08-20,86.79
5624,2022-11-18,87.02
5624,2023-02-16,92.82
5624,2023-05-17,92.01
5624,2023-08-15,79.9
5752,2021-08-18,77.66
5752,2021-11-16,85.55
5752,2022-02-14,84.73
5752,2022-05-15,87.3
5752,2022-08-13,86.98
5752,2022-11-11,82.09
5752,2023-02-09,76.16
5479,2021-05-15,83.91
5479,2021-08-13,92.99
5479,2021-11-11,87.05
5479,2022-02-09,83.92
5479,2022-05-10,83.63
5479,2022-08-08,78.09
5027,2023-11-17,90.87
5027,2024-02-15,89.77
5027,2024-05-15,93.23
5027,2024-08-13,93.9
5027,2024-11-11,95.72
5027,2025-02-09,83.92
5189,2023-10-27,79.0
5189,2024-01-25,81.86
5189,2024-04-24,85.56
5189,2024-07-23,81.37
5189,2024-10-21,73.94
5984,2022-11-24,78.66
5984,2023-02-22,78.7
5984,2023-05-23,74.19
5984,2023-08-21,72.88
5984,2023-11-19,66.94
5810,2024-07-18,79.93
5810,2024-10-16,84.11
5810,2025-01-14,77.56
5810,2025-04-14,85.6
5810,2025-07-13,70.25
5458,2024-07-25,80.07
5458,2024-10-23,75.35
5458,2025-01-21,74.06
5458,2025-04-21,78.34
5458,2025-07-20,71.66
5714,2022-12-21,91.69
5714,2023-03-21,91.54
5714,2023-06-19,91.03
5714,2023-09-17,87.66
5714,2023-12-16,83.53
5932,2023-06-24,81.52
5932,2023-09-22,80.3
5932,2023-12-21,81.66
5932,2024-03-20,70.64
5289,2021-06-10,74.46
5289,2021-09-08,75.09
5289,2021-12-07,73.76
5289,2022-03-07,67.18
5446,2024-04-21,75.19
5446,2024-07-20,75.13
5446,2024-10-18,76.31
5446,2025-01-16,69.97
5130,2024-07-27,88.48
5130,2024-10-25,90.3
5130,2025-01-23,87.81
5130,2025-04-23,78.93
5705,2022-02-13,85.27
5705,2022-05-14,83.48
5705,2022-08-12,80.25
5705,2022-11-10,74.69
5252,2022-07-16,75.53
5252,2022-10-14,75.15
5252,2023-01-12,70.21
5252,2023-04-12,66.09
5505,2022-01-15,100.0
5505,2022-04-15,98.53
5505,2022-07-14,94.23
5505,2022-10-12,86.09
5606,2021-05-12,99.7
5606,2021-08-10,100.0
5606,2021-11-08,94.91
5579,2024-02-03,72.21
5579,2024-05-03,73.31
5579,2024-08-01,61.68
5608,2024-05-30,92.52
5608,2024-08-28,85.81
5608,2024-11-26,78.18
5369,2021-08-31,87.62
5369,2021-11-29,86.79
5369,2022-02-27,74.99
5708,2022-09-11,82.93
5708,2022-12-10,85.05
5708,2023-03-10,76.04
5621,2021-08-31,88.35
5621,2021-11-29,88.0
5621,2022-02-27,82.76
5259,2022-01-19,85.7
5259,2022-04-19,92.28
5259,2022-07-18,76.17
5482,2022-05-22,100.0
5482,2022-08-20,100.0
5482,2022-11-18,86.55
5145,2021-08-29,84.89
5145,2021-11-27,80.74
5145,2022-02-25,79.68
6018,2024-08-22,80.03
6018,2024-11-20,76.42
6018,2025-02-18,68.57
5867,2025-05-10,91.42
5867,2025-08-08,87.61
5926,2025-03-15,90.17
5926,2025-06-13,85.89
5039,2025-02-10,86.53
5039,2025-05-11,75.46
5127,2022-09-22,94.4
5127,2022-12-21,86.88
5046,2025-06-06,94.98
5046,2025-09-04,84.22
5566,2022-03-11,89.14
5566,2022-06-09,82.91
5167,2023-11-10,90.29
5167,2024-02-08,80.49
5850,2023-07-05,84.5
5850,2023-10-03,74.07
5014,2023-03-19,83.27
5014,2023-06-17,79.95
5395,2025-07-25,98.91
5395,2025-10-23,90.18
5102,2023-04-08,67.06
5102,2023-07-07,60.65
5228,2023-04-29,85.48
5228,2023-07-28,75.14
5754,2025-04-19,87.17
5754,2025-07-18,86.35
5183,2022-02-27,91.84
5183,2022-05-28,80.86
5356,2024-10-30,100.0
5356,2025-01-28,86.7
5100,2025-09-05,94.25
5100,2025-12-04,92.9
5365,2022-12-30,83.04
5365,2023-03-30,75.17
5294,2023-04-03,68.74
5294,2023-07-02,66.43
5659,2023-12-09,84.64
5659,2024-03-08,76.95
5093,2021-09-20,89.85
5093,2021-12-19,85.33
5058,2022-11-02,80.65
5691,2022-07-03,74.79
5808,2024-02-12,78.07
5168,2021-06-14,79.05
5971,2025-09-13,80.02
5509,2024-12-20,81.28
5915,2024-05-06,78.98
5098,2024-06-19,96.02
5084,2024-10-02,68.35
5325,2022-10-29,85.41
5477,2025-07-19,85.63
5032,2023-11-18,66.38
5412,2023-12-30,79.09
5918,2024-10-22,90.77
5108,2024-11-20,71.49
6011,2021-09-16,79.54
5869,2024-02-17,87.81
5175,2024-06-25,82.7
5891,2022-12-26,78.15
6003,2022-03-16,79.66
5784,2024-01-14,80.36
5970,2024-04-21,69.79
6034,2023-03-01,75.1
5856,2022-08-12,81.61
5615,2025-07-08,58.07
5146,2023-04-21,65.19
6032,2025-08-09,72.38
5052,2021-08-19,64.29
5399,2024-08-20,75.52
5309,2024-09-12,65.99
5311,2025-02-06,66.64
5292,2023-12-31,75.83
5173,2024-07-14,75.23
5281,2024-09-30,60.77
5185,2022-05-22,76.18
5801,2021-10-18,61.19
5112,2023-04-04,69.16
5200,2025-12-13,81.2
5937,2026-01-14,72.69
5085,2023-05-12,86.26
5329,2022-12-16,71.55
5161,2025-02-17,73.62
5105,2021-04-24,77.5
6027,2024-09-02,74.02
5679,2024-06-24,92.47
5195,2023-05-28,81.66
5103,2022-11-06,83.97
5245,2023-02-10,74.74
5934,2022-05-16,89.57
5597,2023-09-03,86.37
5286,2022-04-05,76.33
5222,2023-10-31,79.93
5415,2026-01-07,84.13
5272,2024-01-30,82.87
5011,2026-02-18,88.69
5291,2021-10-19,82.97
5427,2026-02-25,77.13
5472,2022-02-26,74.07
5495,2024-12-06,90.73
5212,2022-09-26,89.23
5960,2022-09-11,88.45
5459,2023-10-22,86.13
5001,2025-04-10,78.11
5229,2026-03-11,79.68
5125,2023-10-04,75.58
5483,2021-12-01,67.19
5124,2022-12-06,95.89
5238,2025-11-01,79.75
5580,2024-09-17,78.86
5681,2025-02-14,71.21
5874,2021-04-19,60.37
5276,2022-10-13,86.81
5633,2025-06-20,77.2
5192,2025-11-14,76.08
5196,2024-07-04,81.55
5018,2025-10-12,85.21
5422,2022-01-25,69.01
5731,2024-04-23,83.23
5584,2021-04-24,85.36
5506,2025-10-23,88.65
5129,2021-05-20,68.67
6033,2023-07-25,69.85
5419,2025-03-14,79.7
5154,2021-12-27,87.45
5641,2022-03-31,85.91
5303,2024-04-17,80.78
5303,2024-07-16,80.22
5303,2024-10-14,83.81
5303,2025-01-12,80.68
5303,2025-04-12,83.45
5303,2025-07-11,84.48
5303,2025-10-09,83.85
5522,2024-08-29,80.74
5522,2024-11-27,82.98
5522,2025-02-25,81.5
5522,2025-05-26,76.65
5522,2025-08-24,76.1
5522,2025-11-22,80.24
5846,2024-11-20,71.24
5846,2025-02-18,72.72
5846,2025-05-19,73.83
5846,2025-08-17,72.06
5846,2025-11-15,65.26
5320,2025-01-26,79.62
5320,2025-04-26,81.73
5320,2025-07-25,77.93
5320,2025-10-23,80.77
5466,2025-04-01,85.93
5466,2025-06-30,81.92
5466,2025-09-28,79.68
5466,2025-12-27,83.15
5396,2025-05-20,77.83
5396,2025-08-18,79.85
5396,2025-11-16,77.67
5418,2025-07-01,81.31
5418,2025-09-29,86.83
5418,2025-12-28,82.17
5442,2025-08-08,66.97
5442,2025-11-06,71.16
6063,2025-08-27,86.75
6063,2025-11-25,81.85
5665,2025-09-26,81.72
5665,2025-12-25,79.34
5629,2025-11-19,82.58
5854,2025-12-06,67.38
5710,2026-01-17,80.01
5202,2026-01-29,85.45
5351,2026-02-17,82.1
5138,2026-03-10,82.13
5143,2026-03-15,81.22
5748,2026-03-31,72.91
5564,2022-11-18,83.63
5564,2023-02-16,83.96
5564,2023-05-17,82.8
5564,2023-08-15,90.7
5564,2023-11-13,84.31
5564,2024-02-11,89.29
5564,2024-05-11,89.98
5564,2024-08-09,85.32
5564,2024-11-07,92.43
5564,2025-02-05,90.81
5564,2025-05-06,79.26
5831,2023-08-05,93.74
5831,2023-11-03,96.28
5831,2024-02-01,90.41
5831,2024-05-01,96.17
5831,2024-07-30,92.85
5831,2024-10-28,95.57
5831,2025-01-26,95.76
5831,2025-04-26,87.63
6062,2021-06-13,90.87
6062,2021-09-11,91.26
6062,2021-12-10,89.72
6062,2022-03-10,95.26
6062,2022-06-08,93.03
6062,2022-09-06,90.53
6062,2022-12-05,91.35
5776,2024-01-13,90.16
5776,2024-04-12,94.93
5776,2024-07-11,92.11
5776,2024-10-09,93.08
5776,2025-01-07,85.13
5776,2025-04-07,90.68
5776,2025-07-06,78.05
5672,2022-12-26,88.79
5672,2023-03-26,89.71
5672,2023-06-24,88.84
5672,2023-09-22,89.69
5672,2023-12-21,94.92
5672,2024-03-20,90.82
5672,2024-06-18,80.68
5693,2023-01-01,90.17
5693,2023-04-01,89.89
5693,2023-06-30,90.54
5693,2023-09-28,95.05
5693,2023-12-27,86.87
5693,2024-03-26,86.36
5261,2023-07-28,94.31
5261,2023-10-26,90.96
5261,2024-01-24,91.5
5261,2024-04-23,90.02
5261,2024-07-22,96.69
5261,2024-10-20,91.92
5988,2024-04-27,85.67
5988,2024-07-26,85.93
5988,2024-10-24,82.36
5988,2025-01-22,83.56
5988,2025-04-22,78.0
5082,2024-11-05,71.18
5082,2025-02-03,65.99
5082,2025-05-04,66.35
5082,2025-08-02,74.1
5082,2025-10-31,64.33
5797,2022-01-20,78.23
5797,2022-04-20,76.23
5797,2022-07-19,74.74
5797,2022-10-17,77.49
5797,2023-01-15,74.01
5828,2024-10-02,90.73
5828,2024-12-31,90.11
5828,2025-03-31,90.85
5828,2025-06-29,90.5
5828,2025-09-27,80.77
5191,2024-08-19,94.83
5191,2024-11-17,86.53
5191,2025-02-15,85.85
5191,2025-05-16,88.9
5191,2025-08-14,79.92
5170,2021-12-16,93.22
5170,2022-03-16,95.74
5170,2022-06-14,91.93
5170,2022-09-12,85.81
5716,2021-10-18,92.42
5716,2022-01-16,92.73
5716,2022-04-16,86.43
5716,2022-07-15,84.3
5556,2022-04-27,73.9
5556,2022-07-26,80.14
5556,2022-10-24,80.28
5556,2023-01-22,66.11
5337,2024-11-08,98.07
5337,2025-02-06,100.0
5337,2025-05-07,100.0
5337,2025-08-05,86.71
5814,2025-01-12,81.65
5814,2025-04-12,77.14
5814,2025-07-11,83.84
5814,2025-10-09,72.93
5872,2023-05-29,92.16
5872,2023-08-27,93.57
5872,2023-11-25,95.38
5872,2024-02-23,91.16
6049,2024-05-28,80.99
6049,2024-08-26,86.33
6049,2024-11-24,86.71
6049,2025-02-22,74.41
5684,2021-04-17,96.83
5684,2021-07-16,93.56
5684,2021-10-14,89.13
5749,2023-06-18,77.61
5749,2023-09-16,75.22
5749,2023-12-15,70.34
5471,2024-12-09,86.93
5471,2025-03-09,89.18
5471,2025-06-07,72.02
5204,2023-08-04,75.14
5204,2023-11-02,77.01
5204,2024-01-31,71.8
5543,2024-01-31,87.36
5543,2024-04-30,86.01
5543,2024-07-29,86.34
5300,2025-03-15,66.91
5300,2025-06-13,71.56
5300,2025-09-11,58.62
5166,2021-10-03,75.87
5166,2022-01-01,75.19
5166,2022-04-01,67.06
5647,2023-07-22,79.74
5647,2023-10-20,78.42
5647,2024-01-18,76.4
5760,2024-02-15,82.98
5760,2024-05-15,76.56
5760,2024-08-13,67.3
5775,2023-12-07,91.12
5775,2024-03-06,93.4
5775,2024-06-04,82.42
5726,2024-05-01,86.98
5726,2024-07-30,75.6
5798,2022-12-10,87.35
5798,2023-03-10,85.73
5068,2021-07-18,92.63
5068,2021-10-16,82.08
5609,2021-04-06,83.42
5609,2021-07-05,79.47
5169,2022-11-17,86.55
5169,2023-02-15,71.66
5405,2022-03-14,85.02
5405,2022-06-12,84.58
5963,2022-04-01,71.28
5963,2022-06-30,60.73
5165,2024-11-15,83.66
5165,2025-02-13,78.46
5490,2024-01-17,75.97
5490,2024-04-16,66.67
5056,2022-08-17,82.06
5056,2022-11-15,70.39
5555,2024-12-30,84.72
5555,2025-03-30,74.6
5553,2023-01-15,95.05
5553,2023-04-15,87.47
5585,2023-04-01,80.36
5585,2023-06-30,69.56
5901,2024-10-05,83.89
5901,2025-01-03,80.6
5366,2023-04-07,98.2
5366,2023-07-06,83.77
5518,2024-06-01,84.31
5518,2024-08-30,78.92
5475,2021-09-15,80.1
5475,2021-12-14,64.59
6008,2023-06-03,86.88
6008,2023-09-01,79.22
5139,2025-01-17,77.17
5139,2025-04-17,72.93
5545,2025-08-06,81.39
5545,2025-11-04,73.79
5047,2024-09-16,60.93
5948,2022-05-17,66.78
5194,2025-05-08,83.71
5445,2025-08-08,91.89
5920,2022-07-18,67.93
5733,2021-07-15,83.13
5424,2022-04-16,59.38
5804,2023-01-26,79.68
5993,2024-03-18,72.59
5745,2023-03-27,61.31
5581,2024-03-01,89.15
5392,2024-09-02,76.01
5766,2023-05-21,74.61
5827,2023-02-11,84.19
6061,2023-04-14,78.56
5038,2022-09-02,81.03
6001,2023-01-31,79.59
5819,2023-05-15,76.36
5994,2024-09-05,67.88
5783,2024-07-11,74.06
5296,2022-10-10,68.47
5260,2022-12-31,92.43
5023,2021-11-23,75.89
5548,2023-06-16,67.54
5449,2025-11-24,78.79
5389,2023-08-15,81.15
5021,2022-12-17,91.26
5879,2025-11-26,81.41
5935,2024-11-05,74.15
6043,2022-09-10,75.56
5428,2025-08-04,66.8
5417,2025-03-13,92.38
5408,2022-08-05,73.16
5696,2023-02-02,78.41
5434,2024-02-07,81.71
5266,2025-01-16,87.57
5394,2021-10-01,80.72
5481,2023-09-21,74.17
5524,2022-04-24,62.69
5604,2024-05-09,83.76
5244,2022-08-10,69.9
5367,2025-10-14,88.57
5558,2024-10-19,84.7
5532,2023-10-17,79.34
5079,2022-03-21,74.07
5398,2022-07-24,77.25
5357,2021-10-10,83.7
5080,2022-08-27,75.26
5605,2025-03-16,73.84
5042,2021-09-18,72.79
5426,2023-06-02,70.23
5642,2025-05-01,74.36
5632,2023-12-07,67.47
5494,2021-04-10,82.83
5251,2025-11-11,86.34
5883,2022-08-14,89.54
5840,2025-02-10,68.13
5909,2025-12-29,78.33
5617,2022-03-21,71.55
5865,2021-12-21,68.18
5441,2024-07-31,81.83
5314,2025-11-27,76.12
5373,2023-03-03,76.56
5758,2022-08-06,78.15
5421,2025-06-22,77.28
5452,2021-10-20,77.06
5190,2024-04-25,66.84
5666,2024-03-26,82.47
5480,2022-04-07,75.72
5706,2026-01-26,79.65
5700,2023-01-14,72.68
5859,2024-09-07,64.54
5834,2025-06-24,75.91
5767,2022-01-22,94.83
5625,2024-08-05,78.77
5947,2023-04-11,83.32
5919,2022-12-14,77.78
5938,2022-06-09,87.9
5180,2023-03-30,87.06
5889,2025-09-20,77.71
5727,2023-05-23,78.94
5214,2025-07-26,74.5
6064,2025-11-28,69.66
5219,2022-11-27,77.93
5674,2021-11-29,74.38
5785,2024-05-16,94.65
5785,2024-08-14,92.58
5785,2024-11-12,90.87
5785,2025-02-10,89.61
5785,2025-05-11,90.78
5785,2025-08-09,91.51
5785,2025-11-07,85.58
5132,2024-09-09,86.49
5132,2024-12-08,90.05
5132,2025-03-08,89.62
5132,2025-06-06,93.97
5132,2025-09-04,87.64
5132,2025-12-03,85.1
5552,2024-11-30,80.56
5552,2025-02-28,74.62
5552,2025-05-29,81.97
5552,2025-08-27,75.41
5552,2025-11-25,77.41
5171,2025-03-02,92.67
5171,2025-05-31,93.67
5171,2025-08-29,92.17
5171,2025-11-27,85.3
5283,2025-04-12,81.61
5283,2025-07-11,74.76
5283,2025-10-09,74.3
5453,2025-05-30,66.65
5453,2025-08-28,73.88
5453,2025-11-26,67.06
5304,2025-07-10,88.62
5304,2025-10-08,88.39
5012,2025-08-12,85.09
5012,2025-11-10,79.25
5343,2025-08-27,72.28
5343,2025-11-25,68.64
5630,2025-10-01,80.52
5630,2025-12-30,84.24
5704,2025-11-27,88.62
5344,2025-12-07,68.68
5253,2026-01-18,78.24
5723,2026-02-05,84.45
5582,2026-02-18,92.95
5101,2026-03-10,77.84
5588,2026-03-16,79.02
5822,2021-11-29,83.82
5822,2022-02-27,83.16
5822,2022-05-28,89.17
5822,2022-08-26,84.32
5822,2022-11-24,86.7
5822,2023-02-22,80.53
5822,2023-05-23,88.1
5822,2023-08-21,84.46
5822,2023-11-19,84.84
5822,2024-02-17,89.67
5822,2024-05-17,77.45
5868,2021-09-25,92.72
5868,2021-12-24,95.41
5868,2022-03-24,86.58
5868,2022-06-22,88.27
5868,2022-09-20,91.91
5868,2022-12-19,88.91
5868,2023-03-19,95.3
5868,2023-06-17,80.97
6037,2023-06-03,94.35
6037,2023-09-01,95.97
6037,2023-11-30,93.2
6037,2024-02-28,93.34
6037,2024-05-28,100.0
6037,2024-08-26,97.61
6037,2024-11-24,94.49
5976,2021-07-17,91.01
5976,2021-10-15,93.62
5976,2022-01-13,89.74
5976,2022-04-13,91.57
5976,2022-07-12,88.64
5976,2022-10-10,92.3
5976,2023-01-08,85.62
5697,2024-03-13,72.56
5697,2024-06-11,72.23
5697,2024-09-09,73.1
5697,2024-12-08,72.93
5697,2025-03-08,70.78
5697,2025-06-06,74.25
5697,2025-09-04,63.22
5986,2021-04-27,98.52
5986,2021-07-26,100.0
5986,2021-10-24,98.13
5986,2022-01-22,94.84
5986,2022-04-22,100.0
5986,2022-07-21,89.44
5186,2021-07-31,77.27
5186,2021-10-29,78.34
5186,2022-01-27,83.8
5186,2022-04-27,83.93
5186,2022-07-26,83.82
5186,2022-10-24,70.99
5549,2023-01-09,90.25
5549,2023-04-09,93.33
5549,2023-07-08,94.5
5549,2023-10-06,90.85
5549,2024-01-04,78.57
5295,2021-12-23,92.74
5295,2022-03-23,94.42
5295,2022-06-21,94.31
5295,2022-09-19,98.68
5295,2022-12-18,90.54
5661,2024-07-10,98.68
5661,2024-10-08,100.0
5661,2025-01-06,94.03
5661,2025-04-06,94.63
5661,2025-07-05,95.79
5257,2023-05-17,83.98
5257,2023-08-15,90.69
5257,2023-11-13,91.84
5257,2024-02-11,89.9
5257,2024-05-11,72.5
5368,2023-02-19,85.35
5368,2023-05-20,83.9
5368,2023-08-18,81.16
5368,2023-11-16,77.63
5368,2024-02-14,73.39
5751,2024-04-24,87.66
5751,2024-07-23,94.29
5751,2024-10-21,91.48
5751,2025-01-19,81.05
5510,2022-01-13,91.06
5510,2022-04-13,88.94
5510,2022-07-12,89.34
5510,2022-10-10,86.92
5215,2023-02-11,84.14
5215,2023-05-12,83.14
5215,2023-08-10,77.38
5215,2023-11-08,70.62
5113,2023-12-02,78.13
5113,2024-03-01,84.2
5113,2024-05-30,78.9
5113,2024-08-28,77.56
5884,2021-05-30,100.0
5884,2021-08-28,99.39
5884,2021-11-26,100.0
5884,2022-02-24,86.26
5224,2024-12-02,81.71
5224,2025-03-02,78.5
5224,2025-05-31,86.81
5224,2025-08-29,74.12
5983,2021-06-17,94.18
5983,2021-09-15,91.69
5983,2021-12-14,86.68
5983,2022-03-14,79.77
5913,2021-08-19,82.84
5913,2021-11-17,80.31
5913,2022-02-15,69.3
5648,2022-02-16,90.17
5648,2022-05-17,82.74
5648,2022-08-15,80.48
5707,2024-09-29,84.68
5707,2024-12-28,81.64
5707,2025-03-28,78.2
5491,2024-04-14,100.0
5491,2024-07-13,98.13
5491,2024-10-11,91.72
5904,2022-01-14,79.24
5904,2022-04-14,75.11
5904,2022-07-13,70.3
5131,2023-11-10,74.77
5131,2024-02-08,81.78
5131,2024-05-08,75.25
5958,2022-02-10,79.52
5958,2022-05-11,83.59
5958,2022-08-09,77.06
5755,2024-10-13,89.79
5755,2025-01-11,92.22
5755,2025-04-11,85.37
5010,2021-11-10,78.7
5010,2022-02-08,80.53
5010,2022-05-09,71.51
5514,2021-09-13,87.96
5514,2021-12-12,92.72
5514,2022-03-12,81.56
5333,2025-05-29,86.69
5333,2025-08-27,84.21
6021,2023-05-10,100.0
6021,2023-08-08,90.15
5182,2024-05-29,73.0
5182,2024-08-27,71.75
5529,2021-08-08,85.44
5529,2021-11-06,83.27
5589,2023-07-03,82.44
5589,2023-10-01,71.8
5193,2022-09-25,79.05
5193,2022-12-24,70.76
6005,2021-05-12,91.13
6005,2021-08-10,90.26
5702,2024-01-15,83.71
5702,2024-04-14,79.4
6041,2024-02-14,87.44
6041,2024-05-14,78.08
6004,2022-12-08,80.78
6004,2023-03-08,76.53
5298,2022-05-07,90.4
5298,2022-08-05,80.22
5456,2022-03-18,83.15
5456,2022-06-16,76.3
5619,2022-11-30,98.73
5619,2023-02-28,88.69
5676,2025-08-24,87.94
5676,2025-11-22,84.62
5531,2023-10-10,94.8
5531,2024-01-08,82.7
5123,2024-10-30,95.76
5123,2025-01-28,89.21
5006,2023-03-04,86.32
5006,2023-06-02,77.92
5862,2024-01-05,82.49
5862,2024-04-04,73.92
5600,2022-07-26,85.01
5600,2022-10-24,83.11
6016,2023-01-26,73.05
5360,2024-06-25,81.86
5330,2023-05-04,96.76
5288,2022-06-12,69.34
5536,2022-07-25,83.51
5081,2022-01-21,86.33
5414,2021-10-24,62.86
5066,2024-02-09,74.63
5348,2022-09-08,91.14
5945,2025-09-08,66.65
5682,2022-12-18,74.26
5338,2023-02-20,75.17
5049,2024-06-26,62.09
5443,2024-06-25,58.68
5364,2024-03-06,67.96
6020,2025-06-27,79.16
5463,2022-02-12,72.73
5206,2024-07-21,87.56
5523,2024-07-19,89.1
5089,2021-11-10,77.78
5972,2023-05-31,75.88
5759,2021-04-12,67.19
5768,2022-11-15,75.25
5876,2025-11-19,82.56
5813,2022-09-20,88.54
5148,2023-05-09,82.12
5153,2022-01-27,72.14
5371,2024-10-10,80.78
5015,2023-04-03,73.5
5438,2024-08-04,79.94
6046,2023-11-25,60.92
5386,2024-02-29,71.69
5363,2023-06-02,66.6
5535,2023-04-30,94.03
5353,2021-10-05,93.88
5375,2021-10-05,89.46
5878,2021-10-11,82.28
5730,2023-07-30,77.08
5267,2021-06-15,73.34
5826,2021-05-23,89.75
5176,2025-05-22,67.69
5350,2022-10-31,66.35
5525,2025-10-15,79.2
5987,2021-05-28,82.59
5670,2025-11-24,77.45
5873,2022-08-19,86.99
5959,2025-06-10,71.13
5962,2024-05-02,75.69
5816,2023-05-05,71.13
5673,2024-07-13,78.74
5073,2025-06-13,65.3
5120,2024-11-08,66.45
5416,2024-11-06,74.64
5005,2025-05-10,81.58
5547,2022-02-07,63.78
5327,2024-07-12,72.93
6042,2023-04-24,61.47
5799,2023-08-04,81.97
5562,2021-10-10,59.58
5460,2021-09-11,63.29
5020,2025-06-01,64.98
5838,2025-04-28,86.74
5779,2024-01-21,60.58
5207,2025-10-21,74.66
5184,2022-04-09,74.91
5540,2024-09-09,76.4
5062,2024-10-13,73.27
5306,2024-03-27,73.18
5147,2023-02-28,67.69
5650,2024-08-25,71.5
5301,2022-08-31,74.26
5519,2024-05-10,68.41
5773,2024-12-28,81.47
5777,2024-01-15,78.67
5323,2024-10-01,73.4
6031,2021-08-18,85.07
5465,2022-04-25,75.13
5871,2022-05-17,66.25
5788,2022-12-23,84.03
5033,2025-12-16,90.51
5382,2026-01-24,78.57
5943,2021-04-23,80.67
5620,2023-08-05,69.68
5024,2022-12-29,77.69
5243,2023-06-29,59.44
5750,2025-01-29,73.06
